acc_x, acc_y, angular_z, stamp, 
-0.0005770325660705566, -0.020986080169677734, 1.8960717230739216e-06, 1791553223925666653
0.011974990367889404, 0.002514183521270752, 1.2364713165465453e-10, 1791553223956660897
0.021086812019348145, 0.0010481476783752441, 1.1904769795491278e-10, 1791553223984590720
-0.0007377862930297852, -0.02594780921936035, 6.291921749538335e-11, 1791553224014107640
0.006396770477294922, -0.005988121032714844, 3.564179088914048e-11, 1791553224044160062
-0.0009324550628662109, -0.005819201469421387, 1.0940614168804556e-11, 1791553224074152866
-0.0045188069343566895, -0.04453617334365845, -1.3575895605278935e-11, 1791553224166122924
-0.004300832748413086, -0.02593451738357544, -2.843781784771119e-11, 1791553224224149941
-0.01705247163772583, -0.002513408660888672, -2.4214935235923002e-11, 1791553224254084505
0.004887223243713379, -0.023596227169036865, -1.9890680122647987e-06, 1791553224314365311
-0.018497705459594727, -0.0004355907440185547, -1.5804615421303993e-10, 1791553224344184177
0.016258597373962402, 0.030352652072906494, -1.947996272709413e-06, 1791553224464126298
0.012669980525970459, 0.01075977087020874, -1.9930461350722133e-06, 1791553224494037690
-0.00011271238327026367, 0.005559384822845459, -2.984784047375083e-10, 1791553224524152672
0.026677966117858887, 0.014741241931915283, -2.2387705368713729e-10, 1791553224554038981
0.003045797348022461, -0.0032300353050231934, -1.5371981106985599e-10, 1791553224583352447
-0.0023528337478637695, 0.031042158603668213, -1.9460736445330306e-06, 1791553224613982117
0.006585061550140381, 0.01469641923904419, -4.860879280043004e-11, 1791553224645659011
0.01720207929611206, -0.034048259258270264, -6.457158479860576e-11, 1791553224673423733
-0.010018229484558105, 0.012572169303894043, -2.0001303525510526e-06, 1791553224703223598
0.016941845417022705, -0.016275644302368164, 5.750623118637412e-11, 1791553224733189539
0.016713321208953857, 0.02121967077255249, 5.939096196535057e-11, 1791553224763284744
0.014592111110687256, 0.014075398445129395, 1.1312527429331598e-10, 1791553224793163081
0.0010418295860290527, 0.0207444429397583, 9.304530727497964e-11, 1791553224913068903
-0.016611933708190918, 0.01107633113861084, -1.7795097147877427e-10, 1791553225032956617
0.013678133487701416, -0.004692971706390381, 5.916266611347742e-12, 1791553225212767709
0.012072265148162842, -0.013327717781066895, 4.082739958823733e-11, 1791553225242867150
-0.0134657621383667, 0.006528198719024658, -1.985941687989032e-06, 1791553225302721408
-0.011384010314941406, 0.01936560869216919, 1.2335416527277807e-10, 1791553225333656031
-0.0009056329727172852, 0.01237565279006958, 1.84064814339449e-10, 1791553225392582481
-0.0011550188064575195, -0.005534052848815918, -1.988888733890944e-06, 1791553225422548141
0.025479257106781006, 0.014075219631195068, 2.5454026618646855e-10, 1791553225452539832
-0.0015565752983093262, -0.00369870662689209, 2.8852835226760235e-10, 1791553225482465032
0.021520137786865234, 0.0016868114471435547, -1.9734807615671748e-06, 1791553225512662957
-0.009221076965332031, -0.021599411964416504, 3.6384554744767784e-10, 1791553225542447663
-0.03971177339553833, 0.014376640319824219, -1.8839712899501097e-06, 1791553225574078894
-0.01387554407119751, 0.0022449493408203125, 3.2241461827942667e-10, 1791553225605563892
-0.011951982975006104, -0.015966415405273438, 2.631540482117138e-10, 1791553225632359575
-0.0027688145637512207, -0.024987518787384033, -1.990347542251363e-06, 1791553225662304118
-0.0059247612953186035, 0.002227962017059326, 8.597870602700827e-11, 1791553225692255708
0.01994192600250244, 0.023672401905059814, -1.2178063305378425e-10, 1791553225752345431
-0.02469468116760254, 0.029180407524108887, -1.8573262003040733e-06, 1791553225814310400
-0.0026143789291381836, 0.007532358169555664, -2.946963100172496e-10, 1791553225852115675
-0.0005298852920532227, 0.007432878017425537, -2.54410816581147e-10, 1791553225882118883
-0.0021016597747802734, -0.004976868629455566, -2.7062221263822015e-10, 1791553225912341747
0.023045480251312256, -0.008557498455047607, -2.006241699871591e-06, 1791553225942056011
-0.007371425628662109, 0.011403858661651611, -3.2596648750103856e-10, 1791553225973895041
0.0033894777297973633, -0.006712973117828369, -3.441161282920314e-10, 1791553226004553997
-0.002004563808441162, -0.01377171277999878, -3.46448266377976e-10, 1791553226032028409
-0.002350032329559326, -0.015481173992156982, -2.9417120065979824e-10, 1791553226061616861
-0.002604365348815918, 0.02089846134185791, -1.9857876946500357e-06, 1791553226121879854
-0.00816655158996582, -0.00784766674041748, -9.769582734350085e-11, 1791553226170825968
-0.008082032203674316, -0.013223230838775635, -1.741559591228186e-10, 1791553226214251942
0.02641540765762329, -0.007730960845947266, -2.211471731978349e-10, 1791553226272165598
0.02813410758972168, 0.0120011568069458, -1.990297346962906e-06, 1791553226302116162
-0.00445479154586792, 0.0010101795196533203, -1.108057006248455e-10, 1791553226331630846
-0.007982909679412842, 0.018899500370025635, -9.844606141757226e-11, 1791553226361889658
-0.002316892147064209, 0.03859156370162964, -1.2354808645587415e-10, 1791553226391903433
0.013903200626373291, -0.003168463706970215, -7.215658382122861e-11, 1791553226422033173
0.006565451622009277, 0.01599806547164917, 7.60424201296428e-12, 1791553226453603928
-0.02033752202987671, -0.021953105926513672, 2.1298633428280293e-06, 1791553226481590189
-0.010865628719329834, 0.02123469114303589, 1.3081582732829596e-10, 1791553226511729985
-0.009159088134765625, 0.013522028923034668, 2.1923412187467274e-10, 1791553226541461115
0.014282166957855225, -0.01531219482421875, 2.774334583974951e-10, 1791553226571434225
-0.02510756254196167, 0.002503812313079834, 2.7706068514088186e-10, 1791553226631564895
-0.0052457451820373535, 0.012771964073181152, 1.950175346563474e-06, 1791553226662134734
-0.017496585845947266, -0.009253978729248047, 2.19185098761035e-06, 1791553226721369105
-0.006712377071380615, 0.012067258358001709, 6.694481143255642e-10, 1791553226751339658
-0.006812036037445068, 0.008142828941345215, 1.992050260169732e-06, 1791553226781271179
0.008641064167022705, 2.6166439056396484e-05, 5.066314752720152e-10, 1791553226841235831
-0.024049699306488037, 0.008554160594940186, 1.1594152172611615e-05, 1791553226902119762
0.046887099742889404, -0.0007320046424865723, -0.0004238112289874204, 1791553226934186365
1.4805608987808228, -0.2591346502304077, -0.05976347019900821, 1791553226961214567
0.4897017478942871, -0.2593666911125183, -0.019051402127943762, 1791553227013755967
-0.4993477463722229, -0.11755073070526123, 0.0013816039266499817, 1791553227051198562
-0.03532004356384277, 0.2654646039009094, 0.014215186691454312, 1791553227111014664
0.22450876235961914, -0.11172181367874146, 0.018903786773336775, 1791553227140830800
-0.07815295457839966, 0.043886542320251465, -0.0016892083240408393, 1791553227201449774
0.13731920719146729, 0.0326383113861084, -0.006355177363537264, 1791553227231003328
0.03885197639465332, -0.1053997278213501, -0.012015118511478703, 1791553227260792952
0.09184521436691284, -0.02563333511352539, -0.02622266553950087, 1791553227290872024
-0.10192161798477173, 0.13814020156860352, -0.04674794663728089, 1791553227320738129
-7.569789886474609e-06, -0.033735573291778564, -0.04668511748758913, 1791553227350675152
-0.1676763892173767, -0.02470642328262329, -0.03787286527241907, 1791553227382356084
0.07156103849411011, 0.05031323432922363, -0.010341203314161903, 1791553227413359514
0.06388324499130249, 0.18960833549499512, 0.012343035010512388, 1791553227440682055
-0.022330641746520996, -0.08683770895004272, 0.038351277457577805, 1791553227470583453
-0.17262345552444458, 0.0029601454734802246, 0.03692183617593287, 1791553227500534355
0.04465365409851074, -0.034646451473236084, 0.04302375090795738, 1791553227530485138
0.02524620294570923, -0.16110128164291382, 0.029112989133321547, 1791553227590425480
0.543992280960083, -0.11947107315063477, 0.0015677535796729742, 1791553227622434448
0.39315998554229736, -0.2251552939414978, -0.0027060652865341724, 1791553227680621709
-0.3445468544960022, -0.13182783126831055, -0.035506610592589326, 1791553227710328122
-0.3091127872467041, 0.16280102729797363, -0.06006844966405345, 1791553227740279817
-0.31119024753570557, -0.053627073764801025, -0.02045412467606975, 1791553227770556845
0.04463815689086914, 0.053653180599212646, 0.005188055318155989, 1791553227800275982
0.1844615936279297, 0.08816862106323242, 0.04151168199129239, 1791553227830349920
0.19516372680664062, -0.04108065366744995, 0.05185445180623959, 1791553227861786208
0.06668126583099365, 0.11238980293273926, -0.027371760700204494, 1791553227920336771
0.4212390184402466, -0.22372668981552124, -0.0047738670692862835, 1791553227960045475
-0.058507323265075684, -0.04737377166748047, -0.023112238325617755, 1791553227990097789
0.003555476665496826, 0.08021128177642822, -0.025661653554811526, 1791553228019832774
-0.10409104824066162, 0.058500707149505615, 0.00036407903526887697, 1791553228053008817
-0.17626148462295532, -0.009129643440246582, 0.02808318828773848, 1791553228080358130
-0.0379948616027832, 0.03033524751663208, 0.00973413025452575, 1791553228109933152
-0.1706918478012085, 0.12074971199035645, 0.0043027196423419435, 1791553228132969332
0.017956316471099854, 0.02653348445892334, 0.010757617330008318, 1791553228199861442
0.09269499778747559, -0.11682164669036865, 0.018899911531206626, 1791553228229931993
-0.08402842283248901, -0.017632901668548584, -0.022282203937940854, 1791553228290336963
-0.06711113452911377, -0.07626909017562866, -0.030764782308779114, 1791553228320079627
0.4813650846481323, -0.09078729152679443, 0.008315032243030413, 1791553228349957752
-0.23585397005081177, 0.1309642195701599, 0.03793347363226151, 1791553228379723317
-0.0004884600639343262, -0.03466165065765381, 0.047012110695733, 1791553228409661589
-0.10255402326583862, -0.09671711921691895, -0.021785005678206657, 1791553228439752473
0.03070467710494995, -0.1524612307548523, -0.05003415265228291, 1791553228468853048
-0.1300497055053711, -0.04696565866470337, 0.008513699871612336, 1791553228502457278
0.17250585556030273, 0.27172160148620605, 0.03177748408689563, 1791553228529770048
0.060056447982788086, 0.10458272695541382, -0.0146179264929083, 1791553228559735485
-0.16025108098983765, -0.21550029516220093, -0.019111300430498655, 1791553228599609975
-0.3327818512916565, -0.06351852416992188, -0.0003394719337711768, 1791553228628814689
-0.1081157922744751, 0.2013952136039734, -0.03420738631658967, 1791553228661918712
0.314802885055542, 0.01512056589126587, -0.07715382386550093, 1791553228689462908
0.20953601598739624, -0.11815822124481201, -0.05400639460185918, 1791553228719433963
0.00020676851272583008, 0.14601171016693115, 0.023819134000825946, 1791553228749350443
0.43486350774765015, -0.18540453910827637, 0.08074825916306597, 1791553228779464361
0.2171105146408081, 0.05489957332611084, 0.12439704122854786, 1791553228809322382
0.62955641746521, 0.1388077735900879, 0.1299020747486359, 1791553228839271603
-0.39812469482421875, -0.23478448390960693, -0.007819360692176288, 1791553228870094080
0.24348688125610352, 0.2290271520614624, -0.04925302753600786, 1791553228969292158
-0.26592791080474854, 0.06927287578582764, -0.03113061512075313, 1791553228999095421
0.7176738381385803, 0.0529748797416687, -0.02689836570661451, 1791553229029162184
0.34807050228118896, 0.13031363487243652, 0.0007374076171711196, 1791553229088285020
-0.21469390392303467, 0.06568104028701782, -0.008176244544849368, 1791553229119070324
0.22095513343811035, -0.19613999128341675, -0.009219773899458168, 1791553229149379105
-0.2674354314804077, 0.040952444076538086, -4.9363793389664745e-05, 1791553229209210904
-0.05497300624847412, -0.24988895654678345, -0.002078813235740968, 1791553229239415953
0.2734737992286682, 0.11522173881530762, -0.0022333124226367584, 1791553229269800744
0.24377810955047607, -0.19099104404449463, 0.020770730855353886, 1791553229339325300
-0.045519351959228516, -0.02602142095565796, 0.009580617254143626, 1791553229382481826
0.07866603136062622, -0.10329461097717285, 0.021278415319639622, 1791553229409710498
-0.028101325035095215, 0.24498528242111206, 0.0010598942394359036, 1791553229439485771
-0.24648624658584595, -0.09893679618835449, 0.015989901324576127, 1791553229469565073
0.46274232864379883, -0.15347915887832642, 0.0401515383210764, 1791553229498616211
-0.17697107791900635, 0.3620321750640869, -0.003100299349824946, 1791553229527833795
0.2731093168258667, -0.2571638226509094, 0.01825949780270262, 1791553229590175669
0.06055957078933716, 0.2373335361480713, -0.0075325516884884635, 1791553229621454304
0.1340806484222412, 0.38707590103149414, 0.022880308951833104, 1791553229688609038
-0.30843567848205566, -0.1456683874130249, 0.019298593411188482, 1791553229718410631
0.5997896194458008, -0.18806874752044678, 0.013902393432240773, 1791553229748805190
-0.14049679040908813, 0.15801167488098145, -0.005488829100289445, 1791553229780861157
0.19658035039901733, -0.007326722145080566, -0.0007400515863445442, 1791553229808702659
-0.29837119579315186, 0.08829128742218018, -0.00960092827257738, 1791553229838335051
-0.07260024547576904, -0.04747879505157471, -0.023125922846095708, 1791553229868257737
1.1450340747833252, 0.31959307193756104, -0.009794485610880409, 1791553229928295658
-0.0313454270362854, -0.29336273670196533, 0.005434143590605661, 1791553229990519181
-0.22419768571853638, 0.16708827018737793, -0.0032583725491975636, 1791553230020895142
-0.010838329792022705, 0.16965967416763306, 0.01918729193062067, 1791553230088130391
-0.3153626322746277, 0.035652220249176025, 0.004123982440895918, 1791553230118211752
0.2802015542984009, -0.04608285427093506, -0.014448214489836325, 1791553230149984938
-0.2499154806137085, 0.049766361713409424, -0.04323528466125483, 1791553230178182692
0.22837918996810913, 0.027657032012939453, 0.015459963519170904, 1791553230208088140
-0.05874371528625488, 0.13275039196014404, 0.01418707755818642, 1791553230238070805
-0.4752752184867859, -0.16151505708694458, 0.01127877125494329, 1791553230267885692
0.5660049915313721, 0.1490006446838379, -0.002314460335170183, 1791553230296823003
0.11451888084411621, -0.22677099704742432, -0.0295060595824209, 1791553230326843724
0.5568419098854065, 0.10113608837127686, -0.008216149605726824, 1791553230358109698
-0.35304874181747437, -0.0334659218788147, -0.011076182105223034, 1791553230388827792
0.09751546382904053, 0.07795792818069458, -0.010060299328057437, 1791553230417770696
-0.18565529584884644, -0.27187788486480713, -0.017564306405081994, 1791553230447693611
0.09151941537857056, 0.13217216730117798, 0.0007641379662657854, 1791553230477703612
0.22269010543823242, 0.016514480113983154, -0.003988731201200563, 1791553230507687136
0.45036566257476807, -0.022495925426483154, -0.017607662311073847, 1791553230537609912
-0.4278274178504944, -0.2666274905204773, -0.017059040599817516, 1791553230566909799
-0.5439502596855164, 0.20197856426239014, -0.030131719236134297, 1791553230596825375
0.4446609616279602, -0.039736926555633545, -0.012243162628216552, 1791553230630554398
-0.8536347150802612, -0.08674383163452148, -0.006413920083645794, 1791553230656851822
0.8770830631256104, 0.03350776433944702, 0.00015850008722541618, 1791553230687500124
-0.19580954313278198, -0.03130441904067993, 0.003974733098092028, 1791553230717700797
-0.33760762214660645, -0.11507415771484375, -0.01888453992727985, 1791553230777547500
-0.25155019760131836, 0.1420210599899292, -0.026420096546497667, 1791553230807410481
0.02051323652267456, -0.2626970410346985, -0.004163593182316948, 1791553230837866383
-0.27246570587158203, 0.6099163889884949, 0.007687849428190724, 1791553230869860777
0.293628454208374, -0.35929590463638306, 0.023598784009453585, 1791553230897314942
-0.3134310841560364, 0.3827504515647888, 0.012004595341227137, 1791553230927274504
0.278564453125, -0.31547361612319946, 0.01862171881474566, 1791553230957242484
-0.2976871132850647, 0.1256212592124939, 0.016295903214059097, 1791553230986274631
0.39881110191345215, -0.06807798147201538, 0.057083931402153315, 1791553231046232121
-0.3812822103500366, 0.09052413702011108, 0.054216652065806205, 1791553231078509459
1.1555596590042114, -0.4091440439224243, 0.0038274147173170616, 1791553231110350565
0.13731294870376587, -0.04707413911819458, -0.04089553912195008, 1791553231137436986
-0.3620798587799072, 0.002522408962249756, -0.016895808494592397, 1791553231190667484
-0.022481441497802734, 0.05664139986038208, -0.03444504608893772, 1791553231226920086
-0.2965102195739746, 0.08682554960250854, -0.022371505243594395, 1791553231256968629
-0.21626347303390503, 0.1431257724761963, 0.023959538705286127, 1791553231317864137
0.5740429759025574, -0.39780187606811523, 0.020099871795748552, 1791553231350086340
-0.7153819799423218, 0.4043194055557251, 0.0017697847078248063, 1791553231376883153
0.52290940284729, 0.01494210958480835, 0.006237325001105109, 1791553231405803693
-0.14625149965286255, -0.3163936138153076, -0.0018729850880584223, 1791553231436754688
0.5881511569023132, 0.502362847328186, -0.00028178210179654955, 1791553231466693847
0.3783230781555176, -0.2249917984008789, -0.013393006950144452, 1791553231496866624
-0.1347942352294922, -0.23190546035766602, -0.015761018763755366, 1791553231526615100
-0.17898434400558472, 0.43058598041534424, -0.013630284815231477, 1791553231558367907
-0.3564080595970154, -0.2048521637916565, -0.013039517402013553, 1791553231590038314
0.01226717233657837, -0.1609029769897461, -0.00856355218900328, 1791553231617038582
0.2039090394973755, 0.20170843601226807, 0.012365843037627635, 1791553231646571837
-0.3254757523536682, -0.1555180549621582, 0.007398380724906393, 1791553231670129900
0.23432135581970215, -0.01707404851913452, -5.831356338993268e-05, 1791553231696618069
0.12182754278182983, 0.14595812559127808, -0.009538653510333787, 1791553231726483339
0.808092474937439, 0.004176318645477295, -0.006442984275828977, 1791553231756497520
-0.10738664865493774, -0.33044326305389404, -0.0023312759702875017, 1791553231786756927
-0.39751124382019043, 0.031411588191986084, 0.005723244796616489, 1791553231846379890
-0.24032723903656006, -0.3976714015007019, 0.01645310462749108, 1791553231878158566
0.2417425513267517, 0.7554319500923157, 0.018375990106505136, 1791553231909783943
-0.26250261068344116, -0.3227074146270752, 0.011036805722738583, 1791553231935807616
0.2871621251106262, -0.4747679829597473, 0.010164843779349812, 1791553231965270585
-0.02258402109146118, 0.46183574199676514, 0.033510466792755246, 1791553231996261180
0.5311777591705322, -0.5411897897720337, 0.0101156973529742, 1791553232056269467
-0.47918635606765747, 0.028285980224609375, 0.0047236022225584885, 1791553232118337904
0.3552117347717285, 0.08357852697372437, -0.012172423184809385, 1791553232148240878
0.2052355408668518, -0.05395013093948364, -0.01550702253383559, 1791553232176040217
0.31200462579727173, -0.1735256314277649, -0.010515769903203869, 1791553232206054531
-0.9287208318710327, 0.12413763999938965, -0.018715605668220194, 1791553232236043463
0.528984010219574, 0.17594140768051147, -0.011602899105747461, 1791553232266075802
0.40409010648727417, 0.029340267181396484, -0.006937814379200699, 1791553232326223824
-0.0005492568016052246, 0.3043420910835266, -0.005701068356842784, 1791553232358559594
-0.35876476764678955, -0.18198269605636597, -0.0008665890878742342, 1791553232386235161
-0.055667996406555176, -0.19207561016082764, 0.009458513057729321, 1791553232416137297
0.6078490018844604, 0.1958165168762207, 0.006084011004151451, 1791553232445795099
0.31622761487960815, 0.03107684850692749, -0.007287273571549899, 1791553232475763207
-0.06891614198684692, -0.16014134883880615, -0.009957940000266927, 1791553232504884933
-0.2498818039894104, -0.2299100160598755, 0.006221699818745068, 1791553232535778217
0.5488607883453369, 0.6304364204406738, 0.01896949339974836, 1791553232566006775
0.49817371368408203, -0.006962001323699951, 0.030036588541422285, 1791553232615729430
-0.44240349531173706, 0.01823270320892334, 0.011526397919447515, 1791553232678376075
0.18951809406280518, -0.09307187795639038, 0.0047904975634974895, 1791553232705613067
0.10800594091415405, -0.3631746768951416, -0.0224041156959071, 1791553232735511645
-0.5473092794418335, 0.24646341800689697, -0.030714802554680065, 1791553232765450087
-0.29145652055740356, 0.2022336721420288, -0.024173623705751355, 1791553232795459016
0.3373328447341919, 0.07075577974319458, 0.015552666841001067, 1791553232825439970
0.273295521736145, -0.24079591035842896, 0.049250777186399475, 1791553232855540207
0.4249938130378723, -0.30223917961120605, -0.0003834361421767914, 1791553232918237725
0.1365991234779358, -0.025414466857910156, 0.017818324683975404, 1791553232944640380
0.17754364013671875, 0.490350604057312, 0.01618338600329002, 1791553232974314501
-0.41395604610443115, -0.19110405445098877, -0.03648815779711648, 1791553233004572141
0.04915422201156616, -0.017512857913970947, -0.033776154209268876, 1791553233035307400
-0.2554674744606018, 0.02285587787628174, -0.025509493303429876, 1791553233065301582
0.6041793823242188, -0.05429774522781372, -0.024407259115308916, 1791553233095518168
-0.3142094016075134, -0.4171449542045593, -0.011870103779237072, 1791553233126392460
0.2874220609664917, 0.0870012640953064, -0.003179001021821497, 1791553233195225524
0.09685319662094116, 0.1212199330329895, 0.027649786812527197, 1791553233225217302
-0.2833712100982666, 0.558639645576477, -0.007480052023861386, 1791553233285974757
-0.11812734603881836, -0.17944544553756714, -0.002670598524579555, 1791553233317871234
-0.527869701385498, -0.1764088273048401, 0.005850358794783125, 1791553233385205385
-0.11477679014205933, -0.16778552532196045, 0.009997678384603349, 1791553233415149180
0.5056951642036438, -0.0431552529335022, 0.014015338759826718, 1791553233446440831
0.36351627111434937, 0.24893689155578613, 0.015266600416921683, 1791553233477963209
0.23822951316833496, -0.338905394077301, -0.0036905468120591966, 1791553233504892402
-0.21385520696640015, 0.5291063189506531, -0.0006609147490752004, 1791553233535162845
0.448314905166626, -0.17206698656082153, 0.00614661584012639, 1791553233595147208
0.29156017303466797, 0.35838407278060913, 0.01505680928584526, 1791553233624911139
-0.39683377742767334, 0.15739667415618896, 0.027545997924722773, 1791553233653844596
-0.3643990755081177, -0.2483423948287964, 0.00857764051073356, 1791553233686521716
-0.015561163425445557, 0.12129592895507812, -0.008134957107543368, 1791553233718402152
-0.26369303464889526, 0.35761696100234985, -0.017536106497194334, 1791553233753820170
-0.08993178606033325, -0.03908950090408325, -0.025868098347303664, 1791553233785083159
0.07698303461074829, -0.0924805998802185, -0.021299508045616748, 1791553233814733684
-0.2627163529396057, 0.08799475431442261, 0.005847759989630441, 1791553233846332494
-0.10913234949111938, -0.1810152530670166, 0.021049320380621246, 1791553233877540520
