x, y, th, stamp, 
-3.932729721069336, 4.072892189025879, 2.1572947515471843, 1791553223883805254
-3.932729721069336, 4.072892189025879, 2.1572947541661143, 1791553223944414295
-3.932729721069336, 4.072892189025879, 2.1572947736269783, 1791553223994696726
-3.932729721069336, 4.072892189025879, 2.157294786188728, 1791553224044759452
-3.932729721069336, 4.072892189025879, 2.157294675112695, 1791553224134656844
-3.932729721069336, 4.072892189025879, 2.157294666031839, 1791553224183856395
-3.932729721069336, 4.072892189025879, 2.1572946622832863, 1791553224283867402
-3.932729721069336, 4.072892189025879, 2.157294199526478, 1791553224484670266
-3.932729721069336, 4.072892189025879, 2.157294213106903, 1791553224534694091
-3.932729721069336, 4.072892189025879, 2.157294200018509, 1791553224587700591
-3.932729721069336, 4.072892189025879, 2.1572939556952444, 1791553224632944298
-3.932729721069336, 4.072892189025879, 2.157293962388096, 1791553224683436365
-3.932729721069336, 4.072892189025879, 2.1572939489853766, 1791553224724864887
-3.932729721069336, 4.072892189025879, 2.1572940325497227, 1791553224793685887
-3.932729721069336, 4.072892189025879, 2.1572943060516, 1791553225094874139
-3.932729721069336, 4.072892189025879, 2.157294155560614, 1791553225193801043
-3.932729721069336, 4.072892189025879, 2.157294256941664, 1791553225243693003
-3.932729721069336, 4.072892189025879, 2.157294246683311, 1791553225284754102
-3.932729721069336, 4.072892189025879, 2.1572942261215715, 1791553225334788021
-3.932729721069336, 4.072892189025879, 2.1572942143732403, 1791553225385634815
-3.932729721069336, 4.072892189025879, 2.157294175065292, 1791553225432659552
-3.932729721069336, 4.072892189025879, 2.157294252419644, 1791553225494051619
-3.932729721069336, 4.072892189025879, 2.1572942406235533, 1791553225524174971
-3.932729721069336, 4.072892189025879, 2.15729429972934, 1791553225592786714
-3.932729721069336, 4.072892189025879, 2.1572941564182564, 1791553225642678674
-3.932729721069336, 4.072892189025879, 2.15729414323862, 1791553225684685219
-3.932729721069336, 4.072892189025879, 2.1572940393896887, 1791553225734744867
-3.932729721069336, 4.072892189025879, 2.15729403265915, 1791553225785747242
-3.932729721069336, 4.072892189025879, 2.157294049244305, 1791553225831956671
-3.932729721069336, 4.072892189025879, 2.1572939364743946, 1791553225882590345
-3.932729721069336, 4.072892189025879, 2.15729393966554, 1791553225924091410
-3.932729721069336, 4.072892189025879, 2.1572942338644867, 1791553225992670826
-3.932729721069336, 4.072892189025879, 2.1572941508732386, 1791553226042748606
-3.932729721069336, 4.072892189025879, 2.157294148440075, 1791553226084792529
-3.932729721069336, 4.072892189025879, 2.157294020666509, 1791553226134739220
-3.932729721069336, 4.072892189025879, 2.157294041712211, 1791553226183840203
-3.932729721069336, 4.072892189025879, 2.1572942810642566, 1791553226230985486
-3.932729721069336, 4.072892189025879, 2.1572943005603435, 1791553226281757947
-3.932729721069336, 4.072892189025879, 2.1572942954991854, 1791553226324099929
-3.932729721069336, 4.072892189025879, 2.157294199879654, 1791553226391867740
-3.932729721069336, 4.072892189025879, 2.1572942057015125, 1791553226441714639
-3.932729721069336, 4.072892189025879, 2.1572942057015125, 1791553226485789577
-3.932729721069336, 4.072892189025879, 2.1572942342064887, 1791553226533935162
-3.932729721069336, 4.072892189025879, 2.1572942342064887, 1791553226584698920
-3.932729721069336, 4.072892189025879, 2.1572942511676905, 1791553226644078147
-3.932729721069336, 4.072892189025879, 2.1572941936735663, 1791553226681309675
-3.932729721069336, 4.072892189025879, 2.1572941936735663, 1791553226744651647
-3.932729721069336, 4.072892189025879, 2.157294242105842, 1791553226774751636
-3.932729721069336, 4.072892189025879, 2.157294041483024, 1791553226884407834
-3.932729482650757, 4.072893142700195, 2.1573017590699974, 1791553226934792655
-3.933243989944458, 4.07380485534668, 2.154425861823336, 1791553226984700393
-3.934109687805176, 4.075179576873779, 2.1534245761571835, 1791553227035242338
-3.9349546432495117, 4.076340675354004, 2.153560302374756, 1791553227093982869
-3.9357118606567383, 4.0772786140441895, 2.153560302374756, 1791553227144413950
-3.936527967453003, 4.078667163848877, 2.1548987213148343, 1791553227194849533
-3.9371719360351562, 4.079837322235107, 2.154848342133961, 1791553227240722693
-3.937819719314575, 4.081032752990723, 2.154220553161621, 1791553227284720480
-3.9386305809020996, 4.082453727722168, 2.152335756962538, 1791553227334690914
-3.939497232437134, 4.083686828613281, 2.149825686341636, 1791553227383928746
-3.9403181076049805, 4.084918975830078, 2.149410788375139, 1791553227433911072
-3.9411582946777344, 4.0861101150512695, 2.1512658799368745, 1791553227480735391
-3.9421956539154053, 4.0876970291137695, 2.1536503120341077, 1791553227544288083
-3.943150281906128, 4.08910608291626, 2.155167864361796, 1791553227594798599
-3.944260597229004, 4.090935230255127, 2.1547458899080367, 1791553227640765418
-3.9454474449157715, 4.092715263366699, 2.154605104072229, 1791553227684737727
-3.946941614151001, 4.0950775146484375, 2.152860172420321, 1791553227734032273
-3.9481539726257324, 4.096785545349121, 2.1515728121460054, 1791553227784651595
-3.9492716789245605, 4.098429203033447, 2.152639215306878, 1791553227833820548
-3.9505269527435303, 4.10029411315918, 2.1546478312534765, 1791553227880697399
-3.951803207397461, 4.102334499359131, 2.1540493147326316, 1791553227924641571
-3.954167366027832, 4.105941295623779, 2.1536774914273953, 1791553227993872384
-3.9558496475219727, 4.108280181884766, 2.152132258545158, 1791553228040705635
-3.9573066234588623, 4.110452651977539, 2.152132258545158, 1791553228084719029
-3.9589457511901855, 4.113048076629639, 2.153305601003586, 1791553228134774374
-3.960796594619751, 4.115690231323242, 2.1544451531637057, 1791553228184731186
-3.963204860687256, 4.119166851043701, 2.154904561563656, 1791553228244136607
-3.9648094177246094, 4.121752738952637, 2.154904561563656, 1791553228285844622
-3.9673757553100586, 4.125548362731934, 2.1543847830123233, 1791553228344486643
-3.969637870788574, 4.129154682159424, 2.156335710218886, 1791553228393846615
-3.971797466278076, 4.132302284240723, 2.156335710218886, 1791553228445811536
-3.973435640335083, 4.134807109832764, 2.1551579648056114, 1791553228483804630
-3.9757611751556396, 4.13822078704834, 2.1551579648056114, 1791553228535736910
-3.978346109390259, 4.1420440673828125, 2.1551579648056114, 1791553228584116730
-3.980431079864502, 4.145599842071533, 2.1549164715466844, 1791553228635287414
-3.9825618267059326, 4.148863315582275, 2.1518729276690474, 1791553228685763172
-3.985560178756714, 4.153313159942627, 2.150339952473592, 1791553228743955501
-3.988386631011963, 4.157399654388428, 2.1548132874265007, 1791553228793825851
-3.9914727210998535, 4.162064552307129, 2.1607064902165773, 1791553228845719752
-3.996271848678589, 4.169419288635254, 2.1568572131919006, 1791553228933826658
-3.9988131523132324, 4.173413276672363, 2.1548503840927773, 1791553228984733363
-4.001750469207764, 4.177743434906006, 2.154017288397337, 1791553229034058587
-4.004842758178711, 4.182737827301025, 2.154017288397337, 1791553229084948913
-4.008760452270508, 4.188568115234375, 2.1535962151392685, 1791553229144186898
-4.011895656585693, 4.1935577392578125, 2.1535962151392685, 1791553229194728061
-4.0149126052856445, 4.19800329208374, 2.1535962151392685, 1791553229239846867
-4.018156051635742, 4.202876567840576, 2.1535453629226273, 1791553229288973315
-4.021598815917969, 4.20809268951416, 2.1545998794589, 1791553229338866350
-4.024415969848633, 4.212286472320557, 2.1548645146795895, 1791553229380743566
-4.027945041656494, 4.2178053855896, 2.1556259978844863, 1791553229429722709
-4.031702041625977, 4.223270416259766, 2.156552927220648, 1791553229480450986
-4.035953998565674, 4.230155944824219, 2.1571784400780443, 1791553229540352267
-4.039629936218262, 4.23567533493042, 2.157486476208631, 1791553229590045367
-4.043606758117676, 4.2414870262146, 2.157520632044295, 1791553229641555114
-4.046957492828369, 4.246763706207275, 2.1584185721465334, 1791553229687921024
-4.050666332244873, 4.252328872680664, 2.1594004799570232, 1791553229738148891
-4.053739547729492, 4.257081508636475, 2.159290391617842, 1791553229779808187
-4.057480335235596, 4.262648105621338, 2.1591739812765844, 1791553229829956060
-4.061122894287109, 4.26807975769043, 2.158269634151864, 1791553229881092383
-4.064682960510254, 4.273593902587891, 2.157854419297273, 1791553229928085854
-4.07014274597168, 4.281686782836914, 2.1575613161434193, 1791553229990101084
-4.075107574462891, 4.288951396942139, 2.1574777690666482, 1791553230044835715
-4.078627109527588, 4.294255256652832, 2.1583437015286067, 1791553230084959964
-4.082800388336182, 4.300680637359619, 2.1586258843336408, 1791553230134172027
-4.087347984313965, 4.307277202606201, 2.157827426123121, 1791553230184125428
-4.091454029083252, 4.313671588897705, 2.157827426123121, 1791553230234706377
-4.09584379196167, 4.320164680480957, 2.158194985420909, 1791553230285359631
-4.099498271942139, 4.3258514404296875, 2.1581879131276724, 1791553230325848013
-4.106443405151367, 4.336189270019531, 2.1567508087534075, 1791553230394473062
-4.111189365386963, 4.343596458435059, 2.15657488213319, 1791553230445061083
-4.1151933670043945, 4.349430561065674, 2.1559310482184526, 1791553230485996497
-4.120062351226807, 4.356843948364258, 2.1559310482184526, 1791553230534962201
-4.125183582305908, 4.364682197570801, 2.1548187819737983, 1791553230583960040
-4.130194664001465, 4.372398376464844, 2.153574911639051, 1791553230634685411
-4.135013103485107, 4.379940986633301, 2.15330103076343, 1791553230684947808
-4.139099597930908, 4.386455059051514, 2.1533980771117696, 1791553230725621357
-4.146306037902832, 4.397911071777344, 2.1529168985940474, 1791553230794759241
-4.151805877685547, 4.406230449676514, 2.1523606248548854, 1791553230844883630
-4.155915260314941, 4.412355422973633, 2.1523993146003297, 1791553230884887764
-4.1611809730529785, 4.4203667640686035, 2.1530186530327393, 1791553230934176004
-4.166418552398682, 4.42861270904541, 2.154063160553126, 1791553230984377002
-4.171231269836426, 4.436157703399658, 2.1557059611816918, 1791553231033981285
-4.176402568817139, 4.444058895111084, 2.158456583066051, 1791553231085720581
-4.18084192276001, 4.450850963592529, 2.1577492259324482, 1791553231125233273
-4.189054012298584, 4.463696479797363, 2.156369650240583, 1791553231195714369
-4.194894313812256, 4.472653865814209, 2.15473339561993, 1791553231245147910
-4.199413299560547, 4.479439735412598, 2.154030468792691, 1791553231284862141
-4.205509185791016, 4.488250732421875, 2.1551153037389517, 1791553231333857242
-4.211450099945068, 4.497709274291992, 2.155346914391054, 1791553231384219194
-4.2175822257995605, 4.507072925567627, 2.155704959110513, 1791553231435395044
-4.223845958709717, 4.516645431518555, 2.155511290788905, 1791553231485464073
-4.228968143463135, 4.524357795715332, 2.1551041407764036, 1791553231525127629
-4.237798690795898, 4.538018226623535, 2.1542449171389895, 1791553231594733650
-4.244132041931152, 4.547702312469482, 2.153815888270671, 1791553231644707503
-4.249196529388428, 4.555542469024658, 2.1540386999504832, 1791553231685736079
-4.2557220458984375, 4.565811634063721, 2.1540386999504832, 1791553231734723483
-4.262885570526123, 4.5765604972839355, 2.1540386999504832, 1791553231783820334
-4.269833564758301, 4.587299346923828, 2.1540386999504832, 1791553231833949530
-4.276787281036377, 4.597980976104736, 2.154368339088783, 1791553231884105540
-4.285218238830566, 4.610787391662598, 2.154368339088783, 1791553231944125393
-4.292270660400391, 4.621584892272949, 2.156386117685716, 1791553231994869613
-4.299445152282715, 4.632590293884277, 2.1574050823253548, 1791553232044928044
-4.305408000946045, 4.641641616821289, 2.1574050823253548, 1791553232083823110
-4.31291389465332, 4.652963638305664, 2.1581131957694764, 1791553232134040470
-4.320379257202148, 4.66428279876709, 2.1576738574906353, 1791553232184709514
-4.328222274780273, 4.6758599281311035, 2.156548614881363, 1791553232234230663
-4.335777759552002, 4.6874775886535645, 2.156159736171912, 1791553232285510816
-4.341882705688477, 4.696752071380615, 2.1558308026802586, 1791553232324834833
-4.352601051330566, 4.7129716873168945, 2.1554555881864776, 1791553232393889917
-4.360072135925293, 4.7245588302612305, 2.155884561853572, 1791553232445163176
-4.366525173187256, 4.734451770782471, 2.155665813932282, 1791553232485772968
-4.374527931213379, 4.746671676635742, 2.155429888458823, 1791553232535913830
-4.382619380950928, 4.759262561798096, 2.156545710860693, 1791553232584010108
-4.390913486480713, 4.771659851074219, 2.157133851092428, 1791553232633925901
-4.399041652679443, 4.784224510192871, 2.1588275124226444, 1791553232685241814
-4.408651351928711, 4.79900598526001, 2.1588142563020853, 1791553232744425355
-4.416713714599609, 4.811120510101318, 2.1572117078002746, 1791553232794311993
-4.424831390380859, 4.823290824890137, 2.1579821298892434, 1791553232844818859
-4.431741237640381, 4.833746433258057, 2.1590303382030958, 1791553232885783957
-4.440293788909912, 4.84672737121582, 2.1592440667082644, 1791553232934858829
-4.4488959312438965, 4.859835147857666, 2.159828286049779, 1791553232984132137
-4.457522869110107, 4.872961044311523, 2.157990686669816, 1791553233035469230
-4.466096878051758, 4.885879993438721, 2.1572680469912453, 1791553233084718245
-4.476635456085205, 4.901780605316162, 2.1563666972358018, 1791553233144261306
-4.485533237457275, 4.914970874786377, 2.155448283061667, 1791553233194735324
-4.494477272033691, 4.928735256195068, 2.156624151855616, 1791553233245013087
-4.501571178436279, 4.939767837524414, 2.156624151855616, 1791553233285801694
-4.510496616363525, 4.953282833099365, 2.1563023844937224, 1791553233335022264
-4.519412517547607, 4.96672248840332, 2.1566290866511237, 1791553233385001505
-4.528145790100098, 4.980159282684326, 2.1568861876853846, 1791553233433913527
-4.537353992462158, 4.99417781829834, 2.1577649301930033, 1791553233483901607
-4.544654369354248, 5.005496025085449, 2.1577501610113887, 1791553233525260678
-4.557904243469238, 5.025453567504883, 2.158056736461584, 1791553233595729349
-4.5674357414245605, 5.039920330047607, 2.159011936035823, 1791553233645787453
-4.575275897979736, 5.051668643951416, 2.1596492119032824, 1791553233685749900
-4.584867477416992, 5.066226005554199, 2.1592440304519167, 1791553233735027618
-4.594620227813721, 5.080869674682617, 2.1578933045399973, 1791553233785039513
-4.603930473327637, 5.0948486328125, 2.1572627726754803, 1791553233833838812
